{"cameraMode":{"drawMode":0,"name":"Shaded","section":"Shading Mode"},"sceneLighting":false,"audioPlay":false,"sceneViewState":{"showFog":true,"showMaterialUpdate":false,"showSkybox":true,"showFlares":true,"showImageEffects":true,"showParticleSystems":true},"in2DMode":false,"pivot":{"x":-1.3899999856948853,"y":1.4900000095367432,"z":-13.260000228881836},"rotation":{"x":-0.05546112731099129,"y":0.011980629526078701,"z":-0.0006652261945419014,"w":-0.9983887672424316},"size":22.0,"orthographic":true}