{"cameraMode":{"drawMode":0,"name":"Shaded","section":"Shading Mode"},"sceneLighting":false,"audioPlay":false,"sceneViewState":{"showFog":true,"showMaterialUpdate":false,"showSkybox":true,"showFlares":true,"showImageEffects":true,"showParticleSystems":true},"in2DMode":false,"pivot":{"x":-1.3899999856948853,"y":1.4900000095367432,"z":-13.260000228881836},"rotation":{"x":-0.12291493266820908,"y":0.036310773342847827,"z":-0.0045003038831055168,"w":-0.9917424917221069},"size":22.0,"orthographic":false}