{"cameraMode":{"drawMode":0,"name":"Shaded","section":"Shading Mode"},"sceneLighting":false,"audioPlay":false,"sceneViewState":{"showFog":true,"showMaterialUpdate":false,"showSkybox":true,"showFlares":true,"showImageEffects":true,"showParticleSystems":true},"in2DMode":false,"pivot":{"x":-1.1769399642944337,"y":-0.11800000071525574,"z":6.805000305175781},"rotation":{"x":-0.008231677114963532,"y":-0.9772006869316101,"z":0.20859821140766145,"w":-0.038701657205820087},"size":4.9500555992126469,"orthographic":false}