{"cameraMode":{"drawMode":0,"name":"Shaded","section":"Shading Mode"},"sceneLighting":false,"audioPlay":false,"sceneViewState":{"showFog":true,"showMaterialUpdate":false,"showSkybox":true,"showFlares":true,"showImageEffects":true,"showParticleSystems":true},"in2DMode":false,"pivot":{"x":-4.470348358154297e-8,"y":2.2351741790771486e-8,"z":0.0},"rotation":{"x":-0.3436889350414276,"y":0.17381307482719422,"z":-0.06485486775636673,"w":-0.9205763936042786},"size":0.5383380651473999,"orthographic":false}