{"cameraMode":{"drawMode":0,"name":"Shaded","section":"Shading Mode"},"sceneLighting":false,"audioPlay":false,"sceneViewState":{"showFog":true,"showMaterialUpdate":false,"showSkybox":true,"showFlares":true,"showImageEffects":true,"showParticleSystems":true},"in2DMode":false,"pivot":{"x":0.12163405865430832,"y":0.021302353590726854,"z":-0.08842930197715759},"rotation":{"x":-0.06163178011775017,"y":0.9123030304908752,"z":-0.14938437938690186,"w":-0.3762832283973694},"size":0.3285788893699646,"orthographic":false}