{"cameraMode":{"drawMode":0,"name":"Shaded","section":"Shading Mode"},"sceneLighting":false,"audioPlay":false,"sceneViewState":{"showFog":true,"showMaterialUpdate":false,"showSkybox":true,"showFlares":true,"showImageEffects":true,"showParticleSystems":true},"in2DMode":false,"pivot":{"x":-1.3899999856948853,"y":1.4900000095367432,"z":-13.260000228881836},"rotation":{"x":-0.06407590955495835,"y":-0.14440205693244935,"z":0.009401731193065644,"w":-0.9873976111412048},"size":22.0,"orthographic":false}